Date,Ticker,,,,,,
02/01/2016,E1AG6,,#VALUE!,TRUE,,,
04/01/2016,EW1J6,,,TRUE,,,
06/01/2016,E1CM6,,,TRUE,,,
07/01/2016,EW1N6,,,TRUE,,,
08/01/2016,E1AQ6,,,TRUE,,,
03/02/2016,E1CH6,,,TRUE,,,
05/02/2016,E1AK6,,,TRUE,,,
09/02/2016,EW1U6,,,TRUE,,,
11/02/2016,E1CX6,,,TRUE,,,
12/02/2016,EW1Z6,,,TRUE,,,
02/03/2016,E1CG6,,,TRUE,,,
06/03/2016,EW1M6,,,TRUE,,,
08/03/2016,E1CQ6,,,TRUE,,,
10/03/2016,E1AV6,,,TRUE,,,
01/04/2016,E1AF6,,,TRUE,,,
03/04/2016,EW1H6,,,TRUE,,,
04/04/2016,E2AJ6,,,TRUE,,,
05/04/2016,E1CK6,,,TRUE,,,
11/04/2016,EW1X6,,,TRUE,,,
02/05/2016,EW1G6,,,TRUE,,,
08/05/2016,EW1Q6,,,TRUE,,,
10/05/2016,E1CV6,,,TRUE,,,
12/05/2016,E2AZ6,,,TRUE,,,
01/06/2016,E1CF6,,,TRUE,,,
04/06/2016,E2CJ6,,,TRUE,,,
05/06/2016,EW1K6,,,TRUE,,,
06/06/2016,E2AM6,,,TRUE,,,
07/06/2016,E2CN6,,,TRUE,,,
03/07/2016,E2AH6,,,TRUE,,,
09/07/2016,E2CU6,,,TRUE,,,
10/07/2016,EW1V6,,,TRUE,,,
11/07/2016,E2AX6,,,TRUE,,,
12/07/2016,E2CZ6,,,TRUE,,,
01/08/2016,EW1F6,,,TRUE,,,
02/08/2016,E2AG6,,,TRUE,,,
04/08/2016,EW2J6,,,TRUE,,,
06/08/2016,E2CM6,,,TRUE,,,
07/08/2016,EW2N6,,,TRUE,,,
08/08/2016,E2AQ6,,,TRUE,,,
03/09/2016,E2CH6,,,TRUE,,,
05/09/2016,E2AK6,,,TRUE,,,
09/09/2016,EW2U6,,,TRUE,,,
11/09/2016,E2CX6,,,TRUE,,,
12/09/2016,EW2Z6,,,TRUE,,,
02/10/2016,E2CG6,,,TRUE,,,
06/10/2016,EW2M6,,,TRUE,,,
08/10/2016,E2CQ6,,,TRUE,,,
10/10/2016,E2AV6,,,TRUE,,,
01/11/2016,E2AF6,,,TRUE,,,
03/11/2016,EW2H6,,,TRUE,,,
04/11/2016,E3AJ6,,,TRUE,,,
05/11/2016,E2CK6,,,TRUE,,,
07/11/2016,E3AN6,,,TRUE,,,
11/11/2016,EW2X6,,,TRUE,,,
02/12/2016,EW2G6,,,TRUE,,,
08/12/2016,EW2Q6,,,TRUE,,,
09/12/2016,E3AU6,,,TRUE,,,
10/12/2016,E2CV6,,,TRUE,,,
12/12/2016,E3AZ6,,,TRUE,,,
02/01/2017,E1CG7,,,TRUE,,,
03/01/2017,E1CH7,,,TRUE,,,
05/01/2017,E1AK7,,,TRUE,,,
09/01/2017,EW1U7,,,TRUE,,,
11/01/2017,E1CX7,,,TRUE,,,
12/01/2017,EW1Z7,,,TRUE,,,
06/02/2017,EW1M7,,,TRUE,,,
08/02/2017,E1CQ7,,,TRUE,,,
10/02/2017,E1AV7,,,TRUE,,,
02/03/2017,EW1G7,,,TRUE,,,
03/03/2017,EW1H7,,,TRUE,,,
04/03/2017,E1AJ7,,,TRUE,,,
05/03/2017,E1CK7,,,TRUE,,,
07/03/2017,E1AN7,,,TRUE,,,
11/03/2017,EW1X7,,,TRUE,,,
01/04/2017,E1CF7,,,TRUE,,,
08/04/2017,EW1Q7,,,TRUE,,,
10/04/2017,E1CV7,,,TRUE,,,
12/04/2017,E2AZ7,,,TRUE,,,
04/05/2017,E1CJ7,,,TRUE,,,
05/05/2017,EW1K7,,,TRUE,,,
06/05/2017,E2AM7,,,TRUE,,,
07/05/2017,E1CN7,,,TRUE,,,
01/06/2017,EW1F7,,,TRUE,,,
02/06/2017,E2AG7,,,TRUE,,,
03/06/2017,E2AH7,,,TRUE,,,
09/06/2017,E2CU7,,,TRUE,,,
10/06/2017,EW1V7,,,TRUE,,,
11/06/2017,E2AX7,,,TRUE,,,
12/06/2017,E2CZ7,,,TRUE,,,
04/07/2017,EW1J7,,,TRUE,,,
06/07/2017,E2CM7,,,TRUE,,,
07/07/2017,EW1N7,,,TRUE,,,
08/07/2017,E2AQ7,,,TRUE,,,
02/08/2017,E2CG7,,,TRUE,,,
03/08/2017,E2CH7,,,TRUE,,,
05/08/2017,E2AK7,,,TRUE,,,
09/08/2017,EW2U7,,,TRUE,,,
11/08/2017,E2CX7,,,TRUE,,,
12/08/2017,EW2Z7,,,TRUE,,,
01/09/2017,E2AF7,,,TRUE,,,
06/09/2017,EW2M7,,,TRUE,,,
08/09/2017,E2CQ7,,,TRUE,,,
10/09/2017,E2AV7,,,TRUE,,,
02/10/2017,EW2G7,,,TRUE,,,
03/10/2017,EW2H7,,,TRUE,,,
04/10/2017,E2AJ7,,,TRUE,,,
05/10/2017,E2CK7,,,TRUE,,,
07/10/2017,E2AN7,,,TRUE,,,
11/10/2017,EW2X7,,,TRUE,,,
01/11/2017,E2CF7,,,TRUE,,,
08/11/2017,EW2Q7,,,TRUE,,,
09/11/2017,E3AU7,,,TRUE,,,
10/11/2017,E2CV7,,,TRUE,,,
12/11/2017,E3AZ7,,,TRUE,,,
04/12/2017,E2CJ7,,,TRUE,,,
05/12/2017,EW2K7,,,TRUE,,,
06/12/2017,E3AM7,,,TRUE,,,
07/12/2017,E2CN7,,,TRUE,,,
06/01/2018,EW1M8,,,TRUE,,,
08/01/2018,E1CQ8,,,TRUE,,,
10/01/2018,E1AV8,,,TRUE,,,
02/02/2018,EW1G8,,,TRUE,,,
03/02/2018,EW1H8,,,TRUE,,,
04/02/2018,E1AJ8,,,TRUE,,,
05/02/2018,E1CK8,,,TRUE,,,
07/02/2018,E1AN8,,,TRUE,,,
11/02/2018,EW1X8,,,TRUE,,,
01/03/2018,E1CF8,,,TRUE,,,
08/03/2018,EW1Q8,,,TRUE,,,
10/03/2018,E1CV8,,,TRUE,,,
12/03/2018,E1AZ8,,,TRUE,,,
04/04/2018,E1CJ8,,,TRUE,,,
05/04/2018,EW1K8,,,TRUE,,,
06/04/2018,E2AM8,,,TRUE,,,
01/05/2018,EW1F8,,,TRUE,,,
02/05/2018,E2AG8,,,TRUE,,,
03/05/2018,E2AH8,,,TRUE,,,
09/05/2018,E1CU8,,,TRUE,,,
10/05/2018,EW1V8,,,TRUE,,,
11/05/2018,E2AX8,,,TRUE,,,
12/05/2018,E1CZ8,,,TRUE,,,
04/06/2018,EW1J8,,,TRUE,,,
06/06/2018,E2CM8,,,TRUE,,,
07/06/2018,EW1N8,,,TRUE,,,
08/06/2018,E2AQ8,,,TRUE,,,
02/07/2018,E2CG8,,,TRUE,,,
03/07/2018,E2CH8,,,TRUE,,,
05/07/2018,E2AK8,,,TRUE,,,
09/07/2018,EW1U8,,,TRUE,,,
11/07/2018,E2CX8,,,TRUE,,,
12/07/2018,EW1Z8,,,TRUE,,,
01/08/2018,E2AF8,,,TRUE,,,
06/08/2018,EW2M8,,,TRUE,,,
08/08/2018,E2CQ8,,,TRUE,,,
10/08/2018,E2AV8,,,TRUE,,,
02/09/2018,EW2G8,,,TRUE,,,
03/09/2018,EW2H8,,,TRUE,,,
04/09/2018,E2AJ8,,,TRUE,,,
05/09/2018,E2CK8,,,TRUE,,,
07/09/2018,E2AN8,,,TRUE,,,
11/09/2018,EW2X8,,,TRUE,,,
01/10/2018,E2CF8,,,TRUE,,,
08/10/2018,EW2Q8,,,TRUE,,,
09/10/2018,E2AU8,,,TRUE,,,
10/10/2018,E2CV8,,,TRUE,,,
12/10/2018,E2AZ8,,,TRUE,,,
04/11/2018,E2CJ8,,,TRUE,,,
05/11/2018,EW2K8,,,TRUE,,,
06/11/2018,E3AM8,,,TRUE,,,
07/11/2018,E2CN8,,,TRUE,,,
01/12/2018,EW2F8,,,TRUE,,,
02/12/2018,E3AG8,,,TRUE,,,
03/12/2018,E3AH8,,,TRUE,,,
09/12/2018,E2CU8,,,TRUE,,,
10/12/2018,EW2V8,,,TRUE,,,
11/12/2018,E3AX8,,,TRUE,,,
12/12/2018,E2CZ8,,,TRUE,,,
02/01/2019,EW1G9,,,TRUE,,,
03/01/2019,EW1H9,,,TRUE,,,
04/01/2019,E1AJ9,,,TRUE,,,
05/01/2019,E1CK9,,,TRUE,,,
07/01/2019,E1AN9,,,TRUE,,,
11/01/2019,EW1X9,,,TRUE,,,
01/02/2019,E1CF9,,,TRUE,,,
08/02/2019,EW1Q9,,,TRUE,,,
10/02/2019,E1CV9,,,TRUE,,,
12/02/2019,E1AZ9,,,TRUE,,,
04/03/2019,E1CJ9,,,TRUE,,,
05/03/2019,EW1K9,,,TRUE,,,
06/03/2019,E1AM9,,,TRUE,,,
07/03/2019,E1CN9,,,TRUE,,,
01/04/2019,EW1F9,,,TRUE,,,
02/04/2019,E2AG9,,,TRUE,,,
03/04/2019,E2AH9,,,TRUE,,,
09/04/2019,E1CU9,,,TRUE,,,
10/04/2019,EW1V9,,,TRUE,,,
11/04/2019,E2AX9,,,TRUE,,,
12/04/2019,E1CZ9,,,TRUE,,,
04/05/2019,EW1J9,,,TRUE,,,
06/05/2019,E1CM9,,,TRUE,,,
07/05/2019,EW1N9,,,TRUE,,,
08/05/2019,E2AQ9,,,TRUE,,,
02/06/2019,E2CG9,,,TRUE,,,
03/06/2019,E2CH9,,,TRUE,,,
05/06/2019,E2AK9,,,TRUE,,,
09/06/2019,EW1U9,,,TRUE,,,
11/06/2019,E2CX9,,,TRUE,,,
12/06/2019,EW1Z9,,,TRUE,,,
01/07/2019,E2AF9,,,TRUE,,,
06/07/2019,EW1M9,,,TRUE,,,
08/07/2019,E2CQ9,,,TRUE,,,
10/07/2019,E2AV9,,,TRUE,,,
02/08/2019,EW2G9,,,TRUE,,,
03/08/2019,EW2H9,,,TRUE,,,
04/08/2019,E2AJ9,,,TRUE,,,
05/08/2019,E2CK9,,,TRUE,,,
07/08/2019,E2AN9,,,TRUE,,,
11/08/2019,EW2X9,,,TRUE,,,
01/09/2019,E2CF9,,,TRUE,,,
08/09/2019,EW2Q9,,,TRUE,,,
09/09/2019,E2AU9,,,TRUE,,,
10/09/2019,E2CV9,,,TRUE,,,
12/09/2019,E2AZ9,,,TRUE,,,
04/10/2019,E2CJ9,,,TRUE,,,
05/10/2019,EW2K9,,,TRUE,,,
06/10/2019,E2AM9,,,TRUE,,,
07/10/2019,E2CN9,,,TRUE,,,
01/11/2019,EW2F9,,,TRUE,,,
02/11/2019,E3AG9,,,TRUE,,,
03/11/2019,E3AH9,,,TRUE,,,
09/11/2019,E2CU9,,,TRUE,,,
10/11/2019,EW2V9,,,TRUE,,,
11/11/2019,E3AX9,,,TRUE,,,
12/11/2019,E2CZ9,,,TRUE,,,
04/12/2019,EW2J9,,,TRUE,,,
06/12/2019,E2CM9,,,TRUE,,,
07/12/2019,EW2N9,,,TRUE,,,
08/12/2019,E3AQ9,,,TRUE,,,
04/01/2020,E1CJ0,,,TRUE,,,
05/01/2020,EW1K0,,,TRUE,,,
06/01/2020,E1AM0,,,TRUE,,,
03/02/2020,E1AH0,,,TRUE,,,
09/02/2020,E1CU0,,,TRUE,,,
10/02/2020,EW1V0,,,TRUE,,,
11/02/2020,E1AX0,,,TRUE,,,
12/02/2020,E1CZ0,,,TRUE,,,
01/03/2020,EW1F0,,,TRUE,,,
02/03/2020,E1AG0,,,TRUE,,,
04/03/2020,EW1J0,,,TRUE,,,
06/03/2020,E1CM0,,,TRUE,,,
08/03/2020,E1AQ0,,,TRUE,,,
03/04/2020,E1CH0,,,TRUE,,,
05/04/2020,E2AK0,,,TRUE,,,
09/04/2020,EW1U0,,,TRUE,,,
11/04/2020,E1CX0,,,TRUE,,,
12/04/2020,EW1Z0,,,TRUE,,,
02/05/2020,E1CG0,,,TRUE,,,
06/05/2020,EW1M0,,,TRUE,,,
08/05/2020,E1CQ0,,,TRUE,,,
10/05/2020,E2AV0,,,TRUE,,,
01/06/2020,E2AF0,,,TRUE,,,
03/06/2020,EW1H0,,,TRUE,,,
04/06/2020,E2AJ0,,,TRUE,,,
05/06/2020,E2CK0,,,TRUE,,,
07/06/2020,E1AN0,,,TRUE,,,
11/06/2020,EW1X0,,,TRUE,,,
02/07/2020,EW1G0,,,TRUE,,,
08/07/2020,EW1Q0,,,TRUE,,,
10/07/2020,E2CV0,,,TRUE,,,
12/07/2020,E2AZ0,,,TRUE,,,
01/08/2020,E2CF0,,,TRUE,,,
04/08/2020,E2CJ0,,,TRUE,,,
05/08/2020,EW2K0,,,TRUE,,,
06/08/2020,E2AM0,,,TRUE,,,
07/08/2020,E1CN0,,,TRUE,,,
03/09/2020,E2AH0,,,TRUE,,,
09/09/2020,E2CU0,,,TRUE,,,
10/09/2020,EW2V0,,,TRUE,,,
11/09/2020,E2AX0,,,TRUE,,,
12/09/2020,E2CZ0,,,TRUE,,,
01/10/2020,EW2F0,,,TRUE,,,
02/10/2020,E2AG0,,,TRUE,,,
06/10/2020,E2CM0,,,TRUE,,,
07/10/2020,EW1N0,,,TRUE,,,
08/10/2020,E2AQ0,,,TRUE,,,
03/11/2020,E2CH0,,,TRUE,,,
05/11/2020,E3AK0,,,TRUE,,,
09/11/2020,EW2U0,,,TRUE,,,
11/11/2020,E2CX0,,,TRUE,,,
12/11/2020,EW2Z0,,,TRUE,,,
02/12/2020,E2CG0,,,TRUE,,,
06/12/2020,EW2M0,,,TRUE,,,
08/12/2020,E2CQ0,,,TRUE,,,
10/12/2020,E3AV0,,,TRUE,,,
02/01/2021,E1AG1,,,TRUE,,,
03/01/2021,E1AH1,,,TRUE,,,
09/01/2021,E1CU1,,,TRUE,,,
10/01/2021,EW1V1,,,TRUE,,,
11/01/2021,E1AX1,,,TRUE,,,
12/01/2021,E1CZ1,,,TRUE,,,
04/02/2021,EW1J1,,,TRUE,,,
06/02/2021,E1CM1,,,TRUE,,,
07/02/2021,EW1N1,,,TRUE,,,
08/02/2021,E1AQ1,,,TRUE,,,
02/03/2021,E1CG1,,,TRUE,,,
03/03/2021,E1CH1,,,TRUE,,,
05/03/2021,E1AK1,,,TRUE,,,
09/03/2021,EW1U1,,,TRUE,,,
11/03/2021,E1CX1,,,TRUE,,,
12/03/2021,EW1Z1,,,TRUE,,,
01/04/2021,E1AF1,,,TRUE,,,
06/04/2021,EW1M1,,,TRUE,,,
08/04/2021,E1CQ1,,,TRUE,,,
10/04/2021,E2AV1,,,TRUE,,,
02/05/2021,EW1G1,,,TRUE,,,
03/05/2021,EW1H1,,,TRUE,,,
04/05/2021,E2AJ1,,,TRUE,,,
05/05/2021,E1CK1,,,TRUE,,,
11/05/2021,EW1X1,,,TRUE,,,
01/06/2021,E1CF1,,,TRUE,,,
08/06/2021,EW1Q1,,,TRUE,,,
10/06/2021,E2CV1,,,TRUE,,,
12/06/2021,E2AZ1,,,TRUE,,,
04/07/2021,E2CJ1,,,TRUE,,,
05/07/2021,EW1K1,,,TRUE,,,
06/07/2021,E2AM1,,,TRUE,,,
07/07/2021,E2CN1,,,TRUE,,,
01/08/2021,EW1F1,,,TRUE,,,
02/08/2021,E2AG1,,,TRUE,,,
03/08/2021,E2AH1,,,TRUE,,,
09/08/2021,E2CU1,,,TRUE,,,
10/08/2021,EW2V1,,,TRUE,,,
11/08/2021,E2AX1,,,TRUE,,,
12/08/2021,E2CZ1,,,TRUE,,,
04/09/2021,EW2J1,,,TRUE,,,
06/09/2021,E2CM1,,,TRUE,,,
07/09/2021,EW2N1,,,TRUE,,,
08/09/2021,E2AQ1,,,TRUE,,,
02/10/2021,E2CG1,,,TRUE,,,
03/10/2021,E2CH1,,,TRUE,,,
05/10/2021,E2AK1,,,TRUE,,,
09/10/2021,EW2U1,,,TRUE,,,
11/10/2021,E2CX1,,,TRUE,,,
01/11/2021,E2AF1,,,TRUE,,,
06/11/2021,EW2M1,,,TRUE,,,
08/11/2021,E2CQ1,,,TRUE,,,
10/11/2021,E3AV1,,,TRUE,,,
02/12/2021,EW2G1,,,TRUE,,,
03/12/2021,EW2H1,,,TRUE,,,
04/12/2021,E3AJ1,04 December 2021,,TRUE,,,
05/12/2021,E2CK1,05 December 2021,,TRUE,,,
07/12/2021,E3AN1,07 December 2021,,TRUE,,,
11/12/2021,EW2X1,11 December 2021,,TRUE,,,
1/13/2016,E2CF6,1/13/2016,,FALSE,1/13/2016,,FALSE
1/13/2017,EW2F7,1/13/2017,,FALSE,,,
1/13/2020,E3AF0,1/13/2020,,FALSE,,,
1/13/2021,E2CF1,1/13/2021,,FALSE,,,
1/14/2019,E3AF9,,,FALSE,,,
1/15/2016,EW2F6,,,FALSE,,,
1/15/2020,E3CF0,,,FALSE,,,
1/15/2021,EW2F1,,,FALSE,,,
1/16/2019,E3CF9,,,FALSE,,,
1/17/2018,E3CF8,,,FALSE,,,
1/17/2020,EW3F0,,,FALSE,,,
1/18/2017,E3CF7,,,FALSE,,,
1/18/2019,EW3F9,,,FALSE,,,
1/19/2018,EW3F8,,,FALSE,,,
1/20/2016,E3CF6,,,FALSE,,,
1/20/2017,EW3F7,,,FALSE,,,
1/20/2021,E3CF1,,,FALSE,,,
1/22/2016,EW3F6,,,FALSE,,,
1/22/2018,E4AF8,,,FALSE,,,
1/22/2020,E4CF0,,,FALSE,,,
1/22/2021,EW3F1,,,FALSE,,,
1/23/2017,E4AF7,,,FALSE,,,
1/23/2019,E4CF9,,,FALSE,,,
1/24/2018,E4CF8,,,FALSE,,,
1/24/2020,EW4F0,,,FALSE,,,
1/25/2016,E4AF6,,,FALSE,,,
1/25/2017,E4CF7,,,FALSE,,,
1/25/2019,EW4F9,,,FALSE,,,
1/25/2021,E4AF1,,,FALSE,,,
1/26/2018,EW4F8,,,FALSE,,,
1/27/2016,E4CF6,,,FALSE,,,
1/27/2017,EW4F7,,,FALSE,,,
1/27/2020,E5AF0,,,FALSE,,,
1/27/2021,E4CF1,,,FALSE,,,
1/28/2019,E5AF9,,,FALSE,,,
1/29/2016,EWF6,,,FALSE,,,
1/29/2018,E5AF8,,,FALSE,,,
1/29/2020,E5CF0,,,FALSE,,,
1/29/2021,EWF1,,,FALSE,,,
1/30/2017,E5AF7,,,FALSE,,,
1/30/2019,E5CF9,,,FALSE,,,
1/31/2017,EWF7,,,FALSE,,,
1/31/2018,EWF8,,,FALSE,,,
1/31/2019,EWF9,,,FALSE,,,
1/31/2020,EWF0,,,FALSE,,,
10/13/2017,EW2V7,,,FALSE,,,
10/13/2021,E3CV1,,,FALSE,,,
10/14/2016,EW2V6,,,FALSE,,,
10/14/2019,E3AV9,,,FALSE,,,
10/14/2020,E3CV0,,,FALSE,,,
10/15/2018,E3AV8,,,FALSE,,,
10/15/2021,EW3V1,,,FALSE,,,
10/16/2017,E3AV7,,,FALSE,,,
10/16/2019,E3CV9,,,FALSE,,,
10/16/2020,EW3V0,,,FALSE,,,
10/17/2016,E3AV6,,,FALSE,,,
10/17/2018,E3CV8,,,FALSE,,,
10/18/2017,E3CV7,,,FALSE,,,
10/18/2019,EW3V9,,,FALSE,,,
10/18/2021,E4AV1,,,FALSE,,,
10/19/2016,E3CV6,,,FALSE,,,
10/19/2018,EW3V8,,,FALSE,,,
10/19/2020,E4AV0,,,FALSE,,,
10/20/2017,EW3V7,,,FALSE,,,
10/20/2021,E4CV1,,,FALSE,,,
10/21/2016,EW3V6,,,FALSE,,,
10/21/2019,E4AV9,,,FALSE,,,
10/21/2020,E4CV0,,,FALSE,,,
10/22/2018,E4AV8,,,FALSE,,,
10/22/2021,EW4V1,,,FALSE,,,
10/23/2017,E4AV7,,,FALSE,,,
10/23/2019,E4CV9,,,FALSE,,,
10/23/2020,EW4V0,,,FALSE,,,
10/24/2016,E4AV6,,,FALSE,,,
10/24/2018,E4CV8,,,FALSE,,,
10/25/2017,E4CV7,,,FALSE,,,
10/25/2019,EW4V9,,,FALSE,,,
10/25/2021,E5AV1,,,FALSE,,,
10/26/2016,E4CV6,,,FALSE,,,
10/26/2018,EW4V8,,,FALSE,,,
10/26/2020,E5AV0,,,FALSE,,,
10/27/2017,EW4V7,,,FALSE,,,
10/27/2021,E5CV1,,,FALSE,,,
10/28/2016,EW4V6,,,FALSE,,,
10/28/2019,E5AV9,,,FALSE,,,
10/28/2020,E5CV0,,,FALSE,,,
10/29/2018,E5AV8,,,FALSE,,,
10/29/2021,EWV1,,,FALSE,,,
10/30/2017,E5AV7,,,FALSE,,,
10/30/2019,E5CV9,,,FALSE,,,
10/30/2020,EWV0,,,FALSE,,,
10/31/2016,EWV6,,,FALSE,,,
10/31/2017,EWV7,,,FALSE,,,
10/31/2018,EWV8,,,FALSE,,,
10/31/2019,EWV9,,,FALSE,,,
11/13/2017,E3AX7,,,FALSE,,,
11/13/2019,E3CX9,,,FALSE,,,
11/13/2020,EW2X0,,,FALSE,,,
11/14/2016,E3AX6,,,FALSE,,,
11/14/2018,E3CX8,,,FALSE,,,
11/15/2017,E3CX7,,,FALSE,,,
11/15/2019,EW3X9,,,FALSE,,,
11/15/2021,E3AX1,,,FALSE,,,
11/16/2016,E3CX6,,,FALSE,,,
11/16/2018,EW3X8,,,FALSE,,,
11/16/2020,E3AX0,,,FALSE,,,
11/17/2017,EW3X7,,,FALSE,,,
11/17/2021,E3CX1,,,FALSE,,,
11/18/2016,EW3X6,,,FALSE,,,
11/18/2019,E4AX9,,,FALSE,,,
11/18/2020,E3CX0,,,FALSE,,,
11/19/2018,E4AX8,,,FALSE,,,
11/19/2021,EW3X1,,,FALSE,,,
11/20/2017,E4AX7,,,FALSE,,,
11/20/2019,E4CX9,,,FALSE,,,
11/20/2020,EW3X0,,,FALSE,,,
11/21/2016,E4AX6,,,FALSE,,,
11/21/2018,E4CX8,,,FALSE,,,
11/22/2017,E4CX7,,,FALSE,,,
11/22/2019,EW4X9,,,FALSE,,,
11/22/2021,E4AX1,,,FALSE,,,
11/23/2016,E4CX6,,,FALSE,,,
11/23/2018,EW4X8,,,FALSE,,,
11/23/2020,E4AX0,,,FALSE,,,
11/24/2017,EW4X7,,,FALSE,,,
11/24/2021,E4CX1,,,FALSE,,,
11/25/2016,EW4X6,,,FALSE,,,
11/25/2019,E5AX9,,,FALSE,,,
11/25/2020,E4CX0,,,FALSE,,,
11/26/2018,E5AX8,,,FALSE,,,
11/26/2021,EW4X1,,,FALSE,,,
11/27/2017,E5AX7,,,FALSE,,,
11/27/2019,E5CX9,,,FALSE,,,
11/27/2020,EW4X0,,,FALSE,,,
11/28/2016,E5AX6,,,FALSE,,,
11/28/2018,E5CX8,,,FALSE,,,
11/29/2017,E5CX7,,,FALSE,,,
11/29/2019,EWX9,,,FALSE,,,
11/29/2021,E5AX1,,,FALSE,,,
11/30/2016,EWX6,,,FALSE,,,
11/30/2017,EWX7,,,FALSE,,,
11/30/2018,EWX8,,,FALSE,,,
11/30/2020,EWX0,,,FALSE,,,
11/30/2021,EWX1,,,FALSE,,,
12/13/2017,E3CZ7,,,FALSE,,,
12/13/2019,EW2Z9,,,FALSE,,,
12/14/2016,E3CZ6,,,FALSE,,,
12/14/2018,EW2Z8,,,FALSE,,,
12/14/2020,E3AZ0,,,FALSE,,,
12/15/2017,ESZ7,,,FALSE,,,
12/16/2016,ESZ6,,,FALSE,,,
12/16/2019,E3AZ9,,,FALSE,,,
12/16/2020,E3CZ0,,,FALSE,,,
12/17/2018,E3AZ8,,,FALSE,,,
12/18/2017,E4AZ7,,,FALSE,,,
12/18/2019,E3CZ9,,,FALSE,,,
12/18/2020,ESZ0,,,FALSE,,,
12/19/2016,E4AZ6,,,FALSE,,,
12/19/2018,E3CZ8,,,FALSE,,,
12/20/2017,E4CZ7,,,FALSE,,,
12/20/2019,ESZ9,,,FALSE,,,
12/21/2016,E4CZ6,,,FALSE,,,
12/21/2018,ESZ8,,,FALSE,,,
12/21/2020,E4AZ0,,,FALSE,,,
12/22/2017,EW4Z7,,,FALSE,,,
12/23/2016,EW4Z6,,,FALSE,,,
12/23/2019,E4AZ9,,,FALSE,,,
12/23/2020,E4CZ0,,,FALSE,,,
12/24/2018,E4AZ8,,,FALSE,,,
12/26/2016,E5AZ6,,,FALSE,,,
12/26/2018,E4CZ8,,,FALSE,,,
12/27/2017,E5CZ7,,,FALSE,,,
12/27/2019,EW4Z9,,,FALSE,,,
12/28/2016,E5CZ6,,,FALSE,,,
12/28/2018,EW4Z8,,,FALSE,,,
12/28/2020,E5AZ0,,,FALSE,,,
12/29/2017,EWZ7,,,FALSE,,,
12/30/2016,EWZ6,,,FALSE,,,
12/30/2019,E5AZ9,,,FALSE,,,
12/30/2020,E5CZ0,,,FALSE,,,
12/31/2018,EWZ8,,,FALSE,,,
12/31/2019,EWZ9,,,FALSE,,,
12/31/2020,EWZ0,,,FALSE,,,
2/13/2017,E3AG7,,,FALSE,,,
2/13/2019,E3CG9,,,FALSE,,,
2/14/2018,E3CG8,,,FALSE,,,
2/14/2020,EW2G0,,,FALSE,,,
2/15/2017,E3CG7,,,FALSE,,,
2/15/2019,EW3G9,,,FALSE,,,
2/16/2018,EW3G8,,,FALSE,,,
2/17/2016,E3CG6,,,FALSE,,,
2/17/2017,EW3G7,,,FALSE,,,
2/17/2021,E3CG1,,,FALSE,,,
2/19/2016,EW3G6,,,FALSE,,,
2/19/2020,E3CG0,,,FALSE,,,
2/19/2021,EW3G1,,,FALSE,,,
2/20/2019,E4CG9,,,FALSE,,,
2/21/2018,E4CG8,,,FALSE,,,
2/21/2020,EW3G0,,,FALSE,,,
2/22/2016,E4AG6,,,FALSE,,,
2/22/2017,E4CG7,,,FALSE,,,
2/22/2019,EW4G9,,,FALSE,,,
2/22/2021,E4AG1,,,FALSE,,,
2/23/2018,EW4G8,,,FALSE,,,
2/24/2016,E4CG6,,,FALSE,,,
2/24/2017,EW4G7,,,FALSE,,,
2/24/2020,E4AG0,,,FALSE,,,
2/24/2021,E4CG1,,,FALSE,,,
2/25/2019,E5AG9,,,FALSE,,,
2/26/2016,EW4G6,,,FALSE,,,
2/26/2018,E5AG8,,,FALSE,,,
2/26/2020,E4CG0,,,FALSE,,,
2/26/2021,EWG1,,,FALSE,,,
2/27/2017,E5AG7,,,FALSE,,,
2/27/2019,E5CG9,,,FALSE,,,
2/28/2017,EWG7,,,FALSE,,,
2/28/2018,EWG8,,,FALSE,,,
2/28/2019,EWG9,,,FALSE,,,
2/28/2020,EWG0,,,FALSE,,,
2/29/2016,EWG6,,,FALSE,,,
3/13/2017,E3AH7,,,FALSE,,,
3/13/2019,E3CH9,,,FALSE,,,
3/13/2020,EW2H0,,,,,,
3/14/2016,E3AH6,,,,,,
3/14/2018,E3CH8,,,,,,
3/15/2017,E3CH7,,,,,,
3/15/2019,ESH9,,,,,,
3/15/2021,E3AH1,,,,,,
3/16/2016,E3CH6,,,,,,
3/16/2018,ESH8,,,,,,
3/16/2020,E3AH0,,,,,,
3/17/2017,ESH7,,,,,,
3/17/2021,E3CH1,,,,,,
3/18/2016,ESH6,,,,,,
3/18/2019,E4AH9,,,,,,
3/18/2020,E3CH0,,,,,,
3/19/2018,E4AH8,,,,,,
3/19/2021,ESH1,,,,,,
3/20/2017,E4AH7,,,,,,
3/20/2019,E4CH9,,,,,,
3/20/2020,ESH0,,,,,,
3/21/2016,E4AH6,,,,,,
3/21/2018,E4CH8,,,,,,
3/22/2017,E4CH7,,,,,,
3/22/2019,EW4H9,,,,,,
3/22/2021,E4AH1,,,,,,
3/23/2016,E4CH6,,,,,,
3/23/2018,EW4H8,,,,,,
3/23/2020,E4AH0,,,,,,
3/24/2017,EW4H7,,,,,,
3/24/2021,E4CH1,,,,,,
3/25/2019,E5AH9,,,,,,
3/25/2020,E4CH0,,,,,,
3/26/2018,E5AH8,,,,,,
3/26/2021,EW4H1,,,,,,
3/27/2017,E5AH7,,,,,,
3/27/2019,E5CH9,,,,,,
3/27/2020,EW4H0,,,,,,
3/28/2016,E5AH6,,,,,,
3/28/2018,E5CH8,,,,,,
3/29/2017,E5CH7,,,,,,
3/29/2018,EWH8,,,,,,
3/29/2019,EWH9,,,,,,
3/29/2021,E5AH1,,,,,,
3/30/2016,E5CH6,,,,,,
3/30/2020,E5AH0,,,,,,
3/31/2016,EWH6,,,,,,
3/31/2017,EWH7,,,,,,
3/31/2020,EWH0,,,,,,
3/31/2021,EWH1,,,,,,
4/13/2016,E3CJ6,,,,,,
4/13/2018,EW2J8,,,,,,
4/13/2020,E3AJ0,,,,,,
4/14/2021,E3CJ1,,,,,,
4/15/2016,EW3J6,,,,,,
4/15/2019,E3AJ9,,,,,,
4/15/2020,E3CJ0,,,,,,
4/16/2018,E3AJ8,,,,,,
4/16/2021,EW3J1,,,,,,
4/17/2017,E3AJ7,,,,,,
4/17/2019,E3CJ9,,,,,,
4/17/2020,EW3J0,,,,,,
4/18/2016,E4AJ6,,,,,,
4/18/2018,E3CJ8,,,,,,
4/19/2017,E3CJ7,,,,,,
4/19/2021,E4AJ1,,,,,,
4/20/2016,E4CJ6,,,,,,
4/20/2018,EW3J8,,,,,,
4/20/2020,E4AJ0,,,,,,
4/21/2017,EW3J7,,,,,,
4/21/2021,E4CJ1,,,,,,
4/22/2016,EW4J6,,,,,,
4/22/2019,E4AJ9,,,,,,
4/22/2020,E4CJ0,,,,,,
4/23/2018,E4AJ8,,,,,,
4/23/2021,EW4J1,,,,,,
4/24/2017,E4AJ7,,,,,,
4/24/2019,E4CJ9,,,,,,
4/24/2020,EW4J0,,,,,,
4/25/2016,E5AJ6,,,,,,
4/25/2018,E4CJ8,,,,,,
4/26/2017,E4CJ7,,,,,,
4/26/2019,EW4J9,,,,,,
4/26/2021,E5AJ1,,,,,,
4/27/2016,E5CJ6,,,,,,
4/27/2018,EW4J8,,,,,,
4/27/2020,E5AJ0,,,,,,
4/28/2017,EWJ7,,,,,,
4/28/2021,E5CJ1,,,,,,
4/29/2016,EWJ6,,,,,,
4/29/2019,E5AJ9,,,,,,
4/29/2020,E5CJ0,,,,,,
4/30/2018,EWJ8,,,,,,
4/30/2019,EWJ9,,,,,,
4/30/2020,EWJ0,,,,,,
4/30/2021,EWJ1,,,,,,
5/13/2016,EW2K6,,,,,,
5/13/2019,E3AK9,,,,,,
5/13/2020,E3CK0,,,,,,
5/14/2018,E3AK8,,,,,,
5/14/2021,EW2K1,,,,,,
5/15/2017,E3AK7,,,,,,
5/15/2019,E3CK9,,,,,,
5/15/2020,EW3K0,,,,,,
5/16/2016,E3AK6,,,,,,
5/16/2018,E3CK8,,,,,,
5/17/2017,E3CK7,,,,,,
5/17/2019,EW3K9,,,,,,
5/17/2021,E3AK1,,,,,,
5/18/2016,E3CK6,,,,,,
5/18/2018,EW3K8,,,,,,
5/18/2020,E4AK0,,,,,,
5/19/2017,EW3K7,,,,,,
5/19/2021,E3CK1,,,,,,
5/20/2016,EW3K6,,,,,,
5/20/2019,E4AK9,,,,,,
5/20/2020,E4CK0,,,,,,
5/21/2018,E4AK8,,,,,,
5/21/2021,EW3K1,,,,,,
5/22/2017,E4AK7,,,,,,
5/22/2019,E4CK9,,,,,,
5/22/2020,EW4K0,,,,,,
5/23/2016,E4AK6,,,,,,
5/23/2018,E4CK8,,,,,,
5/24/2017,E4CK7,,,,,,
5/24/2019,EW4K9,,,,,,
5/24/2021,E4AK1,,,,,,
5/25/2016,E4CK6,,,,,,
5/25/2018,EW4K8,,,,,,
5/26/2017,EW4K7,,,,,,
5/26/2021,E4CK1,,,,,,
5/27/2016,EW4K6,,,,,,
5/27/2020,E5CK0,,,,,,
5/28/2021,EWK1,,,,,,
5/29/2019,E5CK9,,,,,,
5/29/2020,EWK0,,,,,,
5/30/2018,E5CK8,,,,,,
5/31/2016,EWK6,,,,,,
5/31/2017,EWK7,,,,,,
5/31/2018,EWK8,,,,,,
5/31/2019,EWK9,,,,,,
6/13/2016,E3AM6,,,,,,
6/13/2018,E3CM8,,,,,,
6/14/2017,E3CM7,,,,,,
6/14/2019,EW2M9,,,,,,
6/14/2021,E3AM1,,,,,,
6/15/2016,E3CM6,,,,,,
6/15/2018,ESM8,,,,,,
6/15/2020,E3AM0,,,,,,
6/16/2017,ESM7,,,,,,
6/16/2021,E3CM1,,,,,,
6/17/2016,ESM6,,,,,,
6/17/2019,E3AM9,,,,,,
6/17/2020,E3CM0,,,,,,
6/18/2018,E4AM8,,,,,,
6/18/2021,ESM1,,,,,,
6/19/2017,E4AM7,,,,,,
6/19/2019,E3CM9,,,,,,
6/19/2020,ESM0,,,,,,
6/20/2016,E4AM6,,,,,,
6/20/2018,E4CM8,,,,,,
6/21/2017,E4CM7,,,,,,
6/21/2019,ESM9,,,,,,
6/21/2021,E4AM1,,,,,,
6/22/2016,E4CM6,,,,,,
6/22/2018,EW4M8,,,,,,
6/22/2020,E4AM0,,,,,,
6/23/2017,EW4M7,,,,,,
6/23/2021,E4CM1,,,,,,
6/24/2016,EW4M6,,,,,,
6/24/2019,E4AM9,,,,,,
6/24/2020,E4CM0,,,,,,
6/25/2018,E5AM8,,,,,,
6/25/2021,EW4M1,,,,,,
6/26/2017,E5AM7,,,,,,
6/26/2019,E4CM9,,,,,,
6/26/2020,EW4M0,,,,,,
6/27/2016,E5AM6,,,,,,
6/27/2018,E5CM8,,,,,,
6/28/2017,E5CM7,,,,,,
6/28/2019,EWM9,,,,,,
6/28/2021,E5AM1,,,,,,
6/29/2016,E5CM6,,,,,,
6/29/2018,EWM8,,,,,,
6/29/2020,E5AM0,,,,,,
6/30/2016,EWM6,,,,,,
6/30/2017,EWM7,,,,,,
6/30/2020,EWM0,,,,,,
6/30/2021,EWM1,,,,,,
7/13/2016,E3CN6,,,,,,
7/13/2018,EW2N8,,,,,,
7/13/2020,E2AN0,,,,,,
7/14/2017,EW2N7,,,,,,
7/14/2021,E3CN1,,,,,,
7/15/2016,EW3N6,,,,,,
7/15/2019,E3AN9,,,,,,
7/15/2020,E2CN0,,,,,,
7/16/2018,E3AN8,,,,,,
7/16/2021,EW3N1,,,,,,
7/17/2017,E3AN7,,,,,,
7/17/2019,E3CN9,,,,,,
7/17/2020,EW2N0,,,,,,
7/18/2016,E4AN6,,,,,,
7/18/2018,E3CN8,,,,,,
7/19/2017,E3CN7,,,,,,
7/19/2019,EW3N9,,,,,,
7/19/2021,E4AN1,,,,,,
7/20/2016,E4CN6,,,,,,
7/20/2018,EW3N8,,,,,,
7/20/2020,E3AN0,,,,,,
7/21/2017,EW3N7,,,,,,
7/21/2021,E4CN1,,,,,,
7/22/2016,EW4N6,,,,,,
7/22/2019,E4AN9,,,,,,
7/22/2020,E3CN0,,,,,,
7/23/2018,E4AN8,,,,,,
7/23/2021,EW4N1,,,,,,
7/24/2017,E4AN7,,,,,,
7/24/2019,E4CN9,,,,,,
7/24/2020,EW3N0,,,,,,
7/25/2016,E5AN6,,,,,,
7/25/2018,E4CN8,,,,,,
7/26/2017,E4CN7,,,,,,
7/26/2019,EW4N9,,,,,,
7/26/2021,E5AN1,,,,,,
7/27/2016,E5CN6,,,,,,
7/27/2018,EW4N8,,,,,,
7/27/2020,E4AN0,,,,,,
7/28/2017,EW4N7,,,,,,
7/28/2021,E5CN1,,,,,,
7/29/2016,EWN6,,,,,,
7/29/2019,E5AN9,,,,,,
7/29/2020,E4CN0,,,,,,
7/30/2018,E5AN8,,,,,,
7/30/2021,EWN1,,,,,,
7/31/2017,EWN7,,,,,,
7/31/2018,EWN8,,,,,,
7/31/2019,EWN9,,,,,,
7/31/2020,EWN0,,,,,,
8/13/2018,E3AQ8,,,,,,
8/13/2021,EW2Q1,,,,,,
8/14/2017,E3AQ7,,,,,,
8/14/2019,E3CQ9,,,,,,
8/14/2020,EW2Q0,,,,,,
8/15/2016,E3AQ6,,,,,,
8/15/2018,E3CQ8,,,,,,
8/16/2017,E3CQ7,,,,,,
8/16/2019,EW3Q9,,,,,,
8/16/2021,E3AQ1,,,,,,
8/17/2016,E3CQ6,,,,,,
8/17/2018,EW3Q8,,,,,,
8/17/2020,E3AQ0,,,,,,
8/18/2017,EW3Q7,,,,,,
8/18/2021,E3CQ1,,,,,,
8/19/2016,EW3Q6,,,,,,
8/19/2019,E4AQ9,,,,,,
8/19/2020,E3CQ0,,,,,,
8/20/2018,E4AQ8,,,,,,
8/20/2021,EW3Q1,,,,,,
8/21/2017,E4AQ7,,,,,,
8/21/2019,E4CQ9,,,,,,
8/21/2020,EW3Q0,,,,,,
8/22/2016,E4AQ6,,,,,,
8/22/2018,E4CQ8,,,,,,
8/23/2017,E4CQ7,,,,,,
8/23/2019,EW4Q9,,,,,,
8/23/2021,E4AQ1,,,,,,
8/24/2016,E4CQ6,,,,,,
8/24/2018,EW4Q8,,,,,,
8/24/2020,E4AQ0,,,,,,
8/25/2017,EW4Q7,,,,,,
8/25/2021,E4CQ1,,,,,,
8/26/2016,EW4Q6,,,,,,
8/26/2019,E5AQ9,,,,,,
8/26/2020,E4CQ0,,,,,,
8/27/2018,E5AQ8,,,,,,
8/27/2021,EW4Q1,,,,,,
8/28/2017,E5AQ7,,,,,,
8/28/2019,E5CQ9,,,,,,
8/28/2020,EW4Q0,,,,,,
8/29/2016,E5AQ6,,,,,,
8/29/2018,E5CQ8,,,,,,
8/30/2017,E5CQ7,,,,,,
8/30/2019,EWQ9,,,,,,
8/30/2021,E5AQ1,,,,,,
8/31/2016,EWQ6,,,,,,
8/31/2017,EWQ7,,,,,,
8/31/2018,EWQ8,,,,,,
8/31/2020,EWQ0,,,,,,
8/31/2021,EWQ1,,,,,,
9/13/2017,E3CU7,,,,,,
9/13/2019,EW2U9,,,,,,
9/13/2021,E3AU1,,,,,,
9/14/2016,E3CU6,,,,,,
9/14/2018,EW2U8,,,,,,
9/14/2020,E3AU0,,,,,,
9/15/2017,ESU7,,,,,,
9/15/2021,E3CU1,,,,,,
9/16/2016,ESU6,,,,,,
9/16/2019,E3AU9,,,,,,
9/16/2020,E3CU0,,,,,,
9/17/2018,E3AU8,,,,,,
9/17/2021,ESU1,,,,,,
9/18/2017,E4AU7,,,,,,
9/18/2019,E3CU9,,,,,,
9/18/2020,ESU0,,,,,,
9/19/2016,E4AU6,,,,,,
9/19/2018,E3CU8,,,,,,
9/20/2017,E4CU7,,,,,,
9/20/2019,ESU9,,,,,,
9/20/2021,E4AU1,,,,,,
9/21/2016,E4CU6,,,,,,
9/21/2018,ESU8,,,,,,
9/21/2020,E4AU0,,,,,,
9/22/2017,EW4U7,,,,,,
9/22/2021,E4CU1,,,,,,
9/23/2016,EW4U6,,,,,,
9/23/2019,E4AU9,,,,,,
9/23/2020,E4CU0,,,,,,
9/24/2018,E4AU8,,,,,,
9/24/2021,EW4U1,,,,,,
9/25/2017,E5AU7,,,,,,
9/25/2019,E4CU9,,,,,,
9/25/2020,EW4U0,,,,,,
9/26/2016,E5AU6,,,,,,
9/26/2018,E4CU8,,,,,,
9/27/2017,E5CU7,,,,,,
9/27/2019,EW4U9,,,,,,
9/27/2021,E5AU1,,,,,,
9/28/2016,E5CU6,,,,,,
9/28/2018,EWU8,,,,,,
9/28/2020,E5AU0,,,,,,
9/29/2017,EWU7,,,,,,
9/29/2021,E5CU1,,,,,,
9/30/2016,EWU6,,,,,,
9/30/2019,EWU9,,,,,,
9/30/2020,EWU0,,,,,,
9/30/2021,EWU1,,,,,,
